<transactions><transaction name="First-page"><vertex type="start" progressType="Step started" step="step:{6b591a70-9f5b-4980-a078-b734016aa4f4}"/><vertex type="end" progressType="After step ended" step="step:{6b591a70-9f5b-4980-a078-b734016aa4f4}"/></transaction><transaction name="second-page"><vertex type="start" progressType="Step started" step="step:{686575f3-784d-f1a8-6546-757844de9564}"/><vertex type="end" progressType="After step ended" step="step:{686575f3-784d-f1a8-6546-757844de9564}"/></transaction><transaction name="Third-Page"><vertex type="start" progressType="Step started" step="step:{257b0b6f-27ea-4b6c-b01a-605a71618694}"/><vertex type="end" progressType="After step ended" step="step:{257b0b6f-27ea-4b6c-b01a-605a71618694}"/></transaction><transaction name="Fourth-Page"><vertex type="start" progressType="Step started" step="step:{0bf35ec7-3756-a486-5d0c-70f27b43070a}"/><vertex type="end" progressType="After step ended" step="step:{0bf35ec7-3756-a486-5d0c-70f27b43070a}"/></transaction></transactions>