﻿<?xml version="1.0" encoding="utf-8"?><Metadata><Ms><It Ln="52" O="0" M="Utt.Debugger.Info" T="__________________________________________________&#xD;&#xA;" /><It Ln="104" O="0" M="Utt.Debugger.Info" T="Project &quot;C:\Users\Administrator\Documents\VuGen\Scripts\DotNet_TRACT_10\Script.sln&quot; (Build target(s)):&#xD;&#xA;" /><It Ln="52" O="0" M="Utt.Debugger.Info" T="__________________________________________________&#xD;&#xA;" /><It Ln="195" O="0" M="Utt.Debugger.Info" T="Project &quot;C:\Users\Administrator\Documents\VuGen\Scripts\DotNet_TRACT_10\Script.sln&quot; is building &quot;C:\Users\Administrator\Documents\VuGen\Scripts\DotNet_TRACT_10\Script.csproj&quot; (default targets):&#xD;&#xA;" /><It Ln="94" O="0" M="Utt.Debugger.Warning" T=" Field 'Script.VuserClass.st_1' is never assigned to, and will always have its default value&#xD;&#xA;"><P F="C:\Users\Administrator\Documents\VuGen\Scripts\DotNet_TRACT_10\globals.cs" N="24" C="0" /></It><It Ln="99" O="0" M="Utt.Debugger.Warning" T=" Field 'Script.VuserClass.structs_3' is never assigned to, and will always have its default value&#xD;&#xA;"><P F="C:\Users\Administrator\Documents\VuGen\Scripts\DotNet_TRACT_10\globals.cs" N="60" C="0" /></It><It Ln="99" O="0" M="Utt.Debugger.Warning" T=" Field 'Script.VuserClass.structs_4' is never assigned to, and will always have its default value&#xD;&#xA;"><P F="C:\Users\Administrator\Documents\VuGen\Scripts\DotNet_TRACT_10\globals.cs" N="62" C="0" /></It><It Ln="99" O="0" M="Utt.Debugger.Warning" T=" Field 'Script.VuserClass.structs_5' is never assigned to, and will always have its default value&#xD;&#xA;"><P F="C:\Users\Administrator\Documents\VuGen\Scripts\DotNet_TRACT_10\globals.cs" N="64" C="0" /></It><It Ln="99" O="0" M="Utt.Debugger.Warning" T=" Field 'Script.VuserClass.structs_6' is never assigned to, and will always have its default value&#xD;&#xA;"><P F="C:\Users\Administrator\Documents\VuGen\Scripts\DotNet_TRACT_10\globals.cs" N="66" C="0" /></It><It Ln="99" O="0" M="Utt.Debugger.Warning" T=" Field 'Script.VuserClass.structs_7' is never assigned to, and will always have its default value&#xD;&#xA;"><P F="C:\Users\Administrator\Documents\VuGen\Scripts\DotNet_TRACT_10\globals.cs" N="68" C="0" /></It><It Ln="100" O="0" M="Utt.Debugger.Warning" T=" Field 'Script.VuserClass.structs_10' is never assigned to, and will always have its default value&#xD;&#xA;"><P F="C:\Users\Administrator\Documents\VuGen\Scripts\DotNet_TRACT_10\globals.cs" N="88" C="0" /></It><It Ln="40" O="0" M="Utt.Debugger.Info" T="Done building project &quot;Script.csproj&quot;.&#xD;&#xA;" /><It Ln="18" O="0" M="Utt.Debugger.Info" T="No errors detected" /></Ms></Metadata>