{"chrome://browser/content/browser.xul":{"sidebar-title":{"value":"TruClient - TC_MeasurementOnPeaceFull_FF"},"main-window":{"width":"820","height":"860","screenX":"4","screenY":"0","sizemode":"maximized"},"nav-bar":{"currentset":"unified-back-forward-button,urlbar-container,reload-button,stop-button,search-container,downloads-button,,,bookmarks-menu-button,fullscreenflex,window-controls,firebug-button,,bookmarks-menu-button,,bookmarks-menu-button,,bookmarks-menu-button,home-button,bookmarks-menu-button"},"titlebar-placeholder-on-menubar-for-caption-buttons":{"width":"106"},"titlebar-placeholder-on-TabsToolbar-for-captions-buttons":{"width":"106"},"navigator-toolbox":{"iconsize":"small"}},"chrome://global/content/viewSource.xul":{"viewSource":{"screenX":"10","screenY":"10","width":"1451","height":"862","sizemode":"normal"}}}