<FilterConfigurations Version="8.1.0.537">
	<Configuration Name="Recorder">
		<Environments>
		</Environments>
		<Assemblies>
			<Assembly Name="mscorlib" Action="Include"/>
		<Assembly Path="C:\Users\Administrator\Desktop\samples\WindowsApplication1\WindowsApplication1\bin\x86\Release\ClassLibrary1.dll" Name="classlibrary1" Action="Include"/></Assemblies>
		<Filter>
			<Namespace Name="System" Action="Default">
				<Namespace Name="Threading" Action="Default">
					<Namespace Name="Tasks" Action="Default">
						<Class Name="Task" Action="Default">
							<Method Name="GetAwaiter()" Action="Include"/>
						</Class>
						<Class Name="Task`1" Action="Default">
							<Method Name="GetAwaiter()" Action="Include"/>
						</Class>
					</Namespace>
				</Namespace>
				<Namespace Name="Runtime" Action="Exclude">
					<Namespace Name="CompilerServices" Action="Default">
						<Class Name="TaskAwaiter`1" Action="Default">
							<Method Name="GetResult()" Action="Include"/>
						</Class>
					</Namespace>
				</Namespace>
			</Namespace>
		<Namespace Name="ClassLibrary1" Action="Include"/></Filter>
	</Configuration>
</FilterConfigurations>